[
  {
    "id": 1,
    "firstName": "admin",
    "lastName": "admin",
    "email": "admin@admin.com",
    "password": "bb12345677",
    "category": "computer",
    "occupation": "Software Developer",
    "registeredAt": "2025-05-18T13:10:40.573Z"
  },
  {
    "id": 2,
    "firstName": "Jay",
    "lastName": "cumBackisReal",
    "email": "adminz@adminz.com",
    "password": "bb12345677",
    "category": "computer",
    "occupation": "Software Developer",
    "registeredAt": "2025-05-18T14:02:07.274Z"
  }
]