[
  {
    "id": 1,
    "fname": "PA",
    "lname": "NY",
    "email": "ktstpy4251@gmail.com",
    "subject": "General Inquiry",
    "message": "hi *",
    "submittedAt": "2025-05-20T07:25:24.611Z"
  },
  {
    "id": 2,
    "fname": "PA",
    "lname": "NY",
    "email": "ktstpy4251@gmail.com",
    "subject": "General Enquiry",
    "message": "hu!",
    "submittedAt": "2025-05-20T07:59:00.636Z"
  },
  {
    "id": 3,
    "fname": "PA",
    "lname": "NY",
    "email": "ktstpy4251@gmail.com",
    "subject": "Class",
    "message": "hi +",
    "submittedAt": "2025-05-20T07:59:37.948Z"
  },
  {
    "id": 4,
    "fname": "PA",
    "lname": "NY",
    "email": "pany@gmail.com",
    "subject": "General Enquiry",
    "message": "hi!",
    "submittedAt": "2025-05-20T08:12:58.264Z"
  }
]